Workbook

Sheet README
A1: ASIATECH Predictive Disciplinary Risk System — SAMPLE DATASET
A3: IMPORTANT: All records are SYNTHETIC (randomly generated) for system testing and demo only. They are NOT real ASIATECH data.
A4: Replace with OSA/DPO-approved, coded (pseudonymized) records before reporting any model results (see Thesis Appendix D).
A6: Sheets
A7: student_academic_year — model dataset: one row per student-academic-year (unit of analysis), 7 pre-index features + follow-up outcome.
A8: violations — violation log (source for the features and the follow-up labels).
A9: summary — class distribution per academic year (formulas).
A11: Assumptions
A12: Index date = last day of the academic year (May 31). Follow-up window = the next academic year.
A13: Label rule (formula in risk_label): 0 follow-up violations = Low, 1 = Medium, 2 or more = High.
A14: AY 2025-2026 records have no observable follow-up year, so followup_violations and risk_label are blank (use for operational prediction only).
A15: Students who are not enrolled in the next academic year (graduated/left) are also left unlabeled.
... A18: Features use only records dated on or before the index date (no target leakage). Sanction compliance = status of the most recent prior violation.

Sheet student_academic_year
A1: record_id | B1: study_id | C1: academic_year | D1: index_date | E1: prior_violation_count | F1: violation_type | G1: recency | H1: year_level | I1: department | J1: violation_interval | K1: sanction_compliance | L1: followup_violations | M1: risk_label
A2: R-0001 | B2: S-0001 | C2: 2023-2024 | D2: 45443 | E2: 1 | F2: Minor Only | G2: >180 | H2: 1st | I2: Dept A | J2: Not Applicable | K2: Non-compliance | L2: 3 | M2: =IF(L2="","",IF(L2=0,"Low",IF(L2=1,"Medium","High"))) -> High
A3: R-0002 | B3: S-0001 | C3: 2024-2025 | D3: 45808 | E3: 4+ | F3: Mixed | G3: 91–180 | H3: 2nd | I3: Dept A | J3: >90 days | K3: Full | L3: 3 | M3: =IF(L3="","",IF(L3=0,"Low",IF(L3=1,"Medium","High"))) -> High
A4: R-0003 | B4: S-0001 | C4: 2025-2026 | D4: 46173 | E4: 4+ | F4: Mixed | G4: 31–90 | H4: 3rd | I4: Dept A | J4: >90 days | K4: Full | M4: =IF(L4="","",IF(L4=0,"Low",IF(L4=1,"Medium","High")))
A5: R-0004 | B5: S-0002 | C5: 2023-2024 | D5: 45443 | E5: 1 | F5: Minor Only | G5: >180 | H5: 4th | I5: Dept D | J5: Not Applicable | K5: Non-compliance | M5: =IF(L5="","",IF(L5=0,"Low",IF(L5=1,"Medium","High")))
A6: R-0005 | B6: S-0003 | C6: 2023-2024 | D6: 45443 | E6: 1 | F6: Major Only | G6: >180 | H6: 4th | I6: Dept A | J6: Not Applicable | K6: Partial | M6: =IF(L6="","",IF(L6=0,"Low",IF(L6=1,"Medium","High")))
A7: R-0006 | B7: S-0004 | C7: 2023-2024 | D7: 45443 | E7: 2–3 | F7: Minor Only | G7: 91–180 | H7: 3rd | I7: Dept D | J7: >90 days | K7: Full | L7: 2 | M7: =IF(L7="","",IF(L7=0,"Low",IF(L7=1,"Medium","High"))) -> High
A8: R-0007 | B8: S-0004 | C8: 2024-2025 | D8: 45808 | E8: 4+ | F8: Mixed | G8: 31–90 | H8: 4th | I8: Dept D | J8: >90 days | K8: Full | M8: =IF(L8="","",IF(L8=0,"Low",IF(L8=1,"Medium","High")))
A9: R-0008 | B9: S-0005 | C9: 2023-2024 | D9: 45443 | E9: 0 | F9: No prior violation | G9: No prior violation | H9: 2nd | I9: Dept C | J9: Not Applicable | K9: No sanction | L9: 0 | M9: =IF(L9="","",IF(L9=0,"Low",IF(L9=1,"Medium","High"))) -> Low
A10: R-0009 | B10: S-0005 | C10: 2024-2025 | D10: 45808 | E10: 0 | F10: No prior violation | G10: No prior violation | H10: 3rd | I10: Dept C | J10: Not Applicable | K10: No sanction | L10: 2 | M10: =IF(L10="","",IF(L10=0,"Low",IF(L10=1,"Medium","High"))) -> High
A11: R-0010 | B11: S-0005 | C11: 2025-2026 | D11: 46173 | E11: 2–3 | F11: Mixed | G11: 91–180 | H11: 4th | I11: Dept C | J11: >90 days | K11: No sanction | M11: =IF(L11="","",IF(L11=0,"Low",IF(L11=1,"Medium","High")))
A12: R-0011 | B12: S-0006 | C12: 2023-2024 | D12: 45443 | E12: 0 | F12: No prior violation | G12: No prior violation | H12: 1st | I12: Dept C | J12: Not Applicable | K12: No sanction | L12: 0 | M12: =IF(L12="","",IF(L12=0,"Low",IF(L12=1,"Medium","High"))) -> Low
A13: R-0012 | B13: S-0006 | C13: 2024-2025 | D13: 45808 | E13: 0 | F13: No prior violation | G13: No prior violation | H13: 2nd | I13: Dept C | J13: Not Applicable | K13: No sanction | L13: 0 | M13: =IF(L13="","",IF(L13=0,"Low",IF(L13=1,"Medium","High"))) -> Low
A14: R-0013 | B14: S-0006 | C14: 2025-2026 | D14: 46173 | E14: 0 | F14: No prior violation | G14: No prior violation | H14: 3rd | I14: Dept C | J14: Not Applicable | K14: No sanction | M14: =IF(L14="","",IF(L14=0,"Low",IF(L14=1,"Medium","High")))
A15: R-0014 | B15: S-0007 | C15: 2023-2024 | D15: 45443 | E15: 1 | F15: Minor Only | G15: 91–180 | H15: 3rd | I15: Dept C | J15: Not Applicable | K15: No sanction | L15: 0 | M15: =IF(L15="","",IF(L15=0,"Low",IF(L15=1,"Medium","High"))) -> Low
A16: R-0015 | B16: S-0007 | C16: 2024-2025 | D16: 45808 | E16: 1 | F16: Minor Only | G16: >180 | H16: 4th | I16: Dept C | J16: Not Applicable | K16: No sanction | M16: =IF(L16="","",IF(L16=0,"Low",IF(L16=1,"Medium","High")))
A17: R-0016 | B17: S-0008 | C17: 2023-2024 | D17: 45443 | E17: 2–3 | F17: Minor Only | G17: 91–180 | H17: 1st | I17: Dept D | J17: 30–90 | K17: Non-compliance | L17: 0 | M17: =IF(L17="","",IF(L17=0,"Low",IF(L17=1,"Medium","High"))) -> Low
A18: R-0017 | B18: S-0008 | C18: 2024-2025 | D18: 45808 | E18: 2–3 | F18: Minor Only | G18: >180 | H18: 2nd | I18: Dept D | J18: 30–90 | K18: Non-compliance | L18: 0 | M18: =IF(L18="","",IF(L18=0,"Low",IF(L18=1,"Medium","High"))) -> Low
A19: R-0018 | B19: S-0008 | C19: 2025-2026 | D19: 46173 | E19: 2–3 | F19: Minor Only | G19: >180 | H19: 3rd | I19: Dept D | J19: 30–90 | K19: Non-compliance | M19: =IF(L19="","",IF(L19=0,"Low",IF(L19=1,"Medium","High")))
A20: R-0019 | B20: S-0009 | C20: 2023-2024 | D20: 45443 | E20: 1 | F20: Minor Only | G20: 91–180 | H20: 4th | I20: Dept D | J20: Not Applicable | K20: No sanction | M20: =IF(L20="","",IF(L20=0,"Low",IF(L20=1,"Medium","High")))
A21: R-0020 | B21: S-0010 | C21: 2023-2024 | D21: 45443 | E21: 4+ | F21: Mixed | G21: 31–90 | H21: 4th | I21: Dept B | J21: 30–90 | K21: Full | M21: =IF(L21="","",IF(L21=0,"Low",IF(L21=1,"Medium","High")))
A22: R-0021 | B22: S-0011 | C22: 2023-2024 | D22: 45443 | E22: 4+ | F22: Major Only | G22: 31–90 | H22: 2nd | I22: Dept A | J22: 30–90 | K22: Full | L22: 1 | M22: =IF(L22="","",IF(L22=0,"Low",IF(L22=1,"Medium","High"))) -> Medium
A23: R-0022 | B23: S-0011 | C23: 2024-2025 | D23: 45808 | E23: 4+ | F23: Major Only | G23: >180 | H23: 3rd | I23: Dept A | J23: 30–90 | K23: Non-compliance | L23: 4 | M23: =IF(L23="","",IF(L23=0,"Low",IF(L23=1,"Medium","High"))) -> High
A24: R-0023 | B24: S-0011 | C24: 2025-2026 | D24: 46173 | E24: 4+ | F24: Mixed | G24: 91–180 | H24: 4th | I24: Dept A | J24: >90 days | K24: Non-compliance | M24: =IF(L24="","",IF(L24=0,"Low",IF(L24=1,"Medium","High")))
A25: R-0024 | B25: S-0012 | C25: 2023-2024 | D25: 45443 | E25: 1 | F25: Major Only | G25: 91–180 | H25: 2nd | I25: Dept A | J25: Not Applicable | K25: Full | L25: 2 | M25: =IF(L25="","",IF(L25=0,"Low",IF(L25=1,"Medium","High"))) -> High
A26: R-0025 | B26: S-0012 | C26: 2024-2025 | D26: 45808 | E26: 2–3 | F26: Mixed | G26: 91–180 | H26: 3rd | I26: Dept A | J26: >90 days | K26: Partial | L26: 0 | M26: =IF(L26="","",IF(L26=0,"Low",IF(L26=1,"Medium","High"))) -> Low
A27: R-0026 | B27: S-0012 | C27: 2025-2026 | D27: 46173 | E27: 2–3 | F27: Mixed | G27: >180 | H27: 4th | I27: Dept A | J27: >90 days | K27: Partial | M27: =IF(L27="","",IF(L27=0,"Low",IF(L27=1,"Medium","High")))
A28: R-0027 | B28: S-0013 | C28: 2023-2024 | D28: 45443 | E28: 1 | F28: Minor Only | G28: >180 | H28: 4th | I28: Dept C | J28: Not Applicable | K28: Non-compliance | M28: =IF(L28="","",IF(L28=0,"Low",IF(L28=1,"Medium","High")))
A29: R-0028 | B29: S-0014 | C29: 2023-2024 | D29: 45443 | E29: 2–3 | F29: Mixed | G29: 31–90 | H29: 4th | I29: Dept D | J29: >90 days | K29: Partial | M29: =IF(L29="","",IF(L29=0,"Low",IF(L29=1,"Medium","High")))
A30: R-0029 | B30: S-0015 | C30: 2023-2024 | D30: 45443 | E30: 1 | F30: Minor Only | G30: >180 | H30: 4th | I30: Dept C | J30: Not Applicable | K30: Full | M30: =IF(L30="","",IF(L30=0,"Low",IF(L30=1,"Medium","High")))
A31: R-0030 | B31: S-0016 | C31: 2023-2024 | D31: 45443 | E31: 0 | F31: No prior violation | G31: No prior violation | H31: 1st | I31: Dept D | J31: Not Applicable | K31: No sanction | L31: 0 | M31: =IF(L31="","",IF(L31=0,"Low",IF(L31=1,"Medium","High"))) -> Low
A32: R-0031 | B32: S-0016 | C32: 2024-2025 | D32: 45808 | E32: 0 | F32: No prior violation | G32: No prior violation | H32: 2nd | I32: Dept D | J32: Not Applicable | K32: No sanction | L32: 0 | M32: =IF(L32="","",IF(L32=0,"Low",IF(L32=1,"Medium","High"))) -> Low
A33: R-0032 | B33: S-0016 | C33: 2025-2026 | D33: 46173 | E33: 0 | F33: No prior violation | G33: No prior violation | H33: 3rd | I33: Dept D | J33: Not Applicable | K33: No sanction | M33: =IF(L33="","",IF(L33=0,"Low",IF(L33=1,"Medium","High")))
A34: R-0033 | B34: S-0017 | C34: 2023-2024 | D34: 45443 | E34: 2–3 | F34: Minor Only | G34: 91–180 | H34: 3rd | I34: Dept D | J34: 30–90 | K34: Non-compliance | L34: 1 | M34: =IF(L34="","",IF(L34=0,"Low",IF(L34=1,"Medium","High"))) -> Medium
A35: R-0034 | B35: S-0017 | C35: 2024-2025 | D35: 45808 | E35: 4+ | F35: Minor Only | G35: >180 | H35: 4th | I35: Dept D | J35: >90 days | K35: Full | M35: =IF(L35="","",IF(L35=0,"Low",IF(L35=1,"Medium","High")))
A36: R-0035 | B36: S-0018 | C36: 2023-2024 | D36: 45443 | E36: 1 | F36: Major Only | G36: ≤30 days | H36: 4th | I36: Dept A | J36: Not Applicable | K36: Partial | M36: =IF(L36="","",IF(L36=0,"Low",IF(L36=1,"Medium","High")))
A37: R-0036 | B37: S-0019 | C37: 2023-2024 | D37: 45443 | E37: 0 | F37: No prior violation | G37: No prior violation | H37: 3rd | I37: Dept A | J37: Not Applicable | K37: No sanction | L37: 0 | M37: =IF(L37="","",IF(L37=0,"Low",IF(L37=1,"Medium","High"))) -> Low
A38: R-0037 | B38: S-0019 | C38: 2024-2025 | D38: 45808 | E38: 0 | F38: No prior violation | G38: No prior violation | H38: 4th | I38: Dept A | J38: Not Applicable | K38: No sanction | M38: =IF(L38="","",IF(L38=0,"Low",IF(L38=1,"Medium","High")))
A39: R-0038 | B39: S-0020 | C39: 2023-2024 | D39: 45443 | E39: 1 | F39: Major Only | G39: 91–180 | H39: 3rd | I39: Dept D | J39: Not Applicable | K39: Partial | L39: 0 | M39: =IF(L39="","",IF(L39=0,"Low",IF(L39=1,"Medium","High"))) -> Low
A40: R-0039 | B40: S-0020 | C40: 2024-2025 | D40: 45808 | E40: 1 | F40: Major Only | G40: >180 | H40: 4th | I40: Dept D | J40: Not Applicable | K40: Partial | M40: =IF(L40="","",IF(L40=0,"Low",IF(L40=1,"Medium","High")))
A41: R-0040 | B41: S-0021 | C41: 2023-2024 | D41: 45443 | E41: 0 | F41: No prior violation | G41: No prior violation | H41: 4th | I41: Dept D | J41: Not Applicable | K41: No sanction | M41: =IF(L41="","",IF(L41=0,"Low",IF(L41=1,"Medium","High")))
A42: R-0041 | B42: S-0022 | C42: 2023-2024 | D42: 45443 | E42: 1 | F42: Major Only | G42: >180 | H42: 3rd | I42: Dept D | J42: Not Applicable | K42: Full | L42: 0 | M42: =IF(L42="","",IF(L42=0,"Low",IF(L42=1,"Medium","High"))) -> Low
A43: R-0042 | B43: S-0022 | C43: 2024-2025 | D43: 45808 | E43: 1 | F43: Major Only | G43: >180 | H43: 4th | I43: Dept D | J43: Not Applicable | K43: Full | M43: =IF(L43="","",IF(L43=0,"Low",IF(L43=1,"Medium","High")))
A44: R-0043 | B44: S-0023 | C44: 2023-2024 | D44: 45443 | E44: 0 | F44: No prior violation | G44: No prior violation | H44: 1st | I44: Dept A | J44: Not Applicable | K44: No sanction | L44: 1 | M44: =IF(L44="","",IF(L44=0,"Low",IF(L44=1,"Medium","High"))) -> Medium
A45: R-0044 | B45: S-0023 | C45: 2024-2025 | D45: 45808 | E45: 1 | F45: Minor Only | G45: 31–90 | H45: 2nd | I45: Dept A | J45: Not Applicable | K45: Full | L45: 0 | M45: =IF(L45="","",IF(L45=0,"Low",IF(L45=1,"Medium","High"))) -> Low
A46: R-0045 | B46: S-0023 | C46: 2025-2026 | D46: 46173 | E46: 1 | F46: Minor Only | G46: >180 | H46: 3rd | I46: Dept A | J46: Not Applicable | K46: Full | M46: =IF(L46="","",IF(L46=0,"Low",IF(L46=1,"Medium","High")))
A47: R-0046 | B47: S-0024 | C47: 2023-2024 | D47: 45443 | E47: 2–3 | F47: Mixed | G47: 91–180 | H47: 1st | I47: Dept C | J47: >90 days | K47: Non-compliance | L47: 1 | M47: =IF(L47="","",IF(L47=0,"Low",IF(L47=1,"Medium","High"))) -> Medium
A48: R-0047 | B48: S-0024 | C48: 2024-2025 | D48: 45808 | E48: 2–3 | F48: Mixed | G48: >180 | H48: 2nd | I48: Dept C | J48: >90 days | K48: Full | L48: 1 | M48: =IF(L48="","",IF(L48=0,"Low",IF(L48=1,"Medium","High"))) -> Medium
A49: R-0048 | B49: S-0024 | C49: 2025-2026 | D49: 46173 | E49: 4+ | F49: Mixed | G49: >180 | H49: 3rd | I49: Dept C | J49: >90 days | K49: No sanction | M49: =IF(L49="","",IF(L49=0,"Low",IF(L49=1,"Medium","High")))
A50: R-0049 | B50: S-0025 | C50: 2023-2024 | D50: 45443 | E50: 1 | F50: Minor Only | G50: 31–90 | H50: 2nd | I50: Dept D | J50: Not Applicable | K50: Full | L50: 0 | M50: =IF(L50="","",IF(L50=0,"Low",IF(L50=1,"Medium","High"))) -> Low
A51: R-0050 | B51: S-0025 | C51: 2024-2025 | D51: 45808 | E51: 1 | F51: Minor Only | G51: >180 | H51: 3rd | I51: Dept D | J51: Not Applicable | K51: Full | L51: 0 | M51: =IF(L51="","",IF(L51=0,"Low",IF(L51=1,"Medium","High"))) -> Low
A52: R-0051 | B52: S-0025 | C52: 2025-2026 | D52: 46173 | E52: 1 | F52: Minor Only | G52: >180 | H52: 4th | I52: Dept D | J52: Not Applicable | K52: Full | M52: =IF(L52="","",IF(L52=0,"Low",IF(L52=1,"Medium","High")))
A53: R-0052 | B53: S-0026 | C53: 2023-2024 | D53: 45443 | E53: 0 | F53: No prior violation | G53: No prior violation | H53: 2nd | I53: Dept C | J53: Not Applicable | K53: No sanction | L53: 0 | M53: =IF(L53="","",IF(L53=0,"Low",IF(L53=1,"Medium","High"))) -> Low
A54: R-0053 | B54: S-0026 | C54: 2024-2025 | D54: 45808 | E54: 0 | F54: No prior violation | G54: No prior violation | H54: 3rd | I54: Dept C | J54: Not Applicable | K54: No sanction | L54: 0 | M54: =IF(L54="","",IF(L54=0,"Low",IF(L54=1,"Medium","High"))) -> Low
A55: R-0054 | B55: S-0026 | C55: 2025-2026 | D55: 46173 | E55: 0 | F55: No prior violation | G55: No prior violation | H55: 4th | I55: Dept C | J55: Not Applicable | K55: No sanction | M55: =IF(L55="","",IF(L55=0,"Low",IF(L55=1,"Medium","High")))
A56: R-0055 | B56: S-0027 | C56: 2023-2024 | D56: 45443 | E56: 4+ | F56: Mixed | G56: 31–90 | H56: 2nd | I56: Dept C | J56: 30–90 | K56: Full | L56: 1 | M56: =IF(L56="","",IF(L56=0,"Low",IF(L56=1,"Medium","High"))) -> Medium
A57: R-0056 | B57: S-0027 | C57: 2024-2025 | D57: 45808 | E57: 4+ | F57: Mixed | G57: 31–90 | H57: 3rd | I57: Dept C | J57: >90 days | K57: Full | L57: 2 | M57: =IF(L57="","",IF(L57=0,"Low",IF(L57=1,"Medium","High"))) -> High
A58: R-0057 | B58: S-0027 | C58: 2025-2026 | D58: 46173 | E58: 4+ | F58: Mixed | G58: 91–180 | H58: 4th | I58: Dept C | J58: >90 days | K58: Non-compliance | M58: =IF(L58="","",IF(L58=0,"Low",IF(L58=1,"Medium","High")))
A59: R-0058 | B59: S-0028 | C59: 2023-2024 | D59: 45443 | E59: 0 | F59: No prior violation | G59: No prior violation | H59: 2nd | I59: Dept A | J59: Not Applicable | K59: No sanction | L59: 1 | M59: =IF(L59="","",IF(L59=0,"Low",IF(L59=1,"Medium","High"))) -> Medium
A60: R-0059 | B60: S-0028 | C60: 2024-2025 | D60: 45808 | E60: 1 | F60: Major Only | G60: 91–180 | H60: 3rd | I60: Dept A | J60: Not Applicable | K60: Non-compliance | L60: 0 | M60: =IF(L60="","",IF(L60=0,"Low",IF(L60=1,"Medium","High"))) -> Low
A61: R-0060 | B61: S-0028 | C61: 2025-2026 | D61: 46173 | E61: 1 | F61: Major Only | G61: >180 | H61: 4th | I61: Dept A | J61: Not Applicable | K61: Non-compliance | M61: =IF(L61="","",IF(L61=0,"Low",IF(L61=1,"Medium","High")))
A62: R-0061 | B62: S-0029 | C62: 2023-2024 | D62: 45443 | E62: 0 | F62: No prior violation | G62: No prior violation | H62: 1st | I62: Dept C | J62: Not Applicable | K62: No sanction | L62: 0 | M62: =IF(L62="","",IF(L62=0,"Low",IF(L62=1,"Medium","High"))) -> Low
A63: R-0062 | B63: S-0029 | C63: 2024-2025 | D63: 45808 | E63: 0 | F63: No prior violation | G63: No prior violation | H63: 2nd | I63: Dept C | J63: Not Applicable | K63: No sanction | L63: 1 | M63: =IF(L63="","",IF(L63=0,"Low",IF(L63=1,"Medium","High"))) -> Medium
A64: R-0063 | B64: S-0029 | C64: 2025-2026 | D64: 46173 | E64: 1 | F64: Minor Only | G64: >180 | H64: 3rd | I64: Dept C | J64: Not Applicable | K64: Full | M64: =IF(L64="","",IF(L64=0,"Low",IF(L64=1,"Medium","High")))
A65: R-0064 | B65: S-0030 | C65: 2023-2024 | D65: 45443 | E65: 2–3 | F65: Mixed | G65: 31–90 | H65: 1st | I65: Dept C | J65: 30–90 | K65: Full | L65: 0 | M65: =IF(L65="","",IF(L65=0,"Low",IF(L65=1,"Medium","High"))) -> Low
A66: R-0065 | B66: S-0030 | C66: 2024-2025 | D66: 45808 | E66: 2–3 | F66: Mixed | G66: >180 | H66: 2nd | I66: Dept C | J66: 30–90 | K66: Full | L66: 2 | M66: =IF(L66="","",IF(L66=0,"Low",IF(L66=1,"Medium","High"))) -> High
A67: R-0066 | B67: S-0030 | C67: 2025-2026 | D67: 46173 | E67: 4+ | F67: Mixed | G67: 31–90 | H67: 3rd | I67: Dept C | J67: >90 days | K67: Full | M67: =IF(L67="","",IF(L67=0,"Low",IF(L67=1,"Medium","High")))
A68: R-0067 | B68: S-0031 | C68: 2023-2024 | D68: 45443 | E68: 1 | F68: Major Only | G68: 31–90 | H68: 4th | I68: Dept B | J68: Not Applicable | K68: Full | M68: =IF(L68="","",IF(L68=0,"Low",IF(L68=1,"Medium","High")))
A69: R-0068 | B69: S-0032 | C69: 2023-2024 | D69: 45443 | E69: 1 | F69: Minor Only | G69: >180 | H69: 2nd | I69: Dept C | J69: Not Applicable | K69: Full | L69: 0 | M69: =IF(L69="","",IF(L69=0,"Low",IF(L69=1,"Medium","High"))) -> Low
A70: R-0069 | B70: S-0032 | C70: 2024-2025 | D70: 45808 | E70: 1 | F70: Minor Only | G70: >180 | H70: 3rd | I70: Dept C | J70: Not Applicable | K70: Full | L70: 1 | M70: =IF(L70="","",IF(L70=0,"Low",IF(L70=1,"Medium","High"))) -> Medium
A71: R-0070 | B71: S-0032 | C71: 2025-2026 | D71: 46173 | E71: 2–3 | F71: Minor Only | G71: >180 | H71: 4th | I71: Dept C | J71: >90 days | K71: Non-compliance | M71: =IF(L71="","",IF(L71=0,"Low",IF(L71=1,"Medium","High")))
A72: R-0071 | B72: S-0033 | C72: 2023-2024 | D72: 45443 | E72: 0 | F72: No prior violation | G72: No prior violation | H72: 1st | I72: Dept B | J72: Not Applicable | K72: No sanction | M72: =IF(L72="","",IF(L72=0,"Low",IF(L72=1,"Medium","High")))
A73: R-0072 | B73: S-0034 | C73: 2023-2024 | D73: 45443 | E73: 2–3 | F73: Minor Only | G73: 31–90 | H73: 1st | I73: Dept B | J73: >90 days | K73: Full | L73: 3 | M73: =IF(L73="","",IF(L73=0,"Low",IF(L73=1,"Medium","High"))) -> High
A74: R-0073 | B74: S-0034 | C74: 2024-2025 | D74: 45808 | E74: 4+ | F74: Mixed | G74: >180 | H74: 2nd | I74: Dept B | J74: >90 days | K74: Full | L74: 0 | M74: =IF(L74="","",IF(L74=0,"Low",IF(L74=1,"Medium","High"))) -> Low
A75: R-0074 | B75: S-0034 | C75: 2025-2026 | D75: 46173 | E75: 4+ | F75: Mixed | G75: >180 | H75: 3rd | I75: Dept B | J75: >90 days | K75: Full | M75: =IF(L75="","",IF(L75=0,"Low",IF(L75=1,"Medium","High")))
A76: R-0075 | B76: S-0035 | C76: 2023-2024 | D76: 45443 | E76: 0 | F76: No prior violation | G76: No prior violation | H76: 1st | I76: Dept B | J76: Not Applicable | K76: No sanction | L76: 0 | M76: =IF(L76="","",IF(L76=0,"Low",IF(L76=1,"Medium","High"))) -> Low
A77: R-0076 | B77: S-0035 | C77: 2024-2025 | D77: 45808 | E77: 0 | F77: No prior violation | G77: No prior violation | H77: 2nd | I77: Dept B | J77: Not Applicable | K77: No sanction | L77: 1 | M77: =IF(L77="","",IF(L77=0,"Low",IF(L77=1,"Medium","High"))) -> Medium
A78: R-0077 | B78: S-0035 | C78: 2025-2026 | D78: 46173 | E78: 1 | F78: Major Only | G78: >180 | H78: 3rd | I78: Dept B | J78: Not Applicable | K78: Full | M78: =IF(L78="","",IF(L78=0,"Low",IF(L78=1,"Medium","High")))
A79: R-0078 | B79: S-0036 | C79: 2023-2024 | D79: 45443 | E79: 1 | F79: Minor Only | G79: 91–180 | H79: 4th | I79: Dept A | J79: Not Applicable | K79: No sanction | M79: =IF(L79="","",IF(L79=0,"Low",IF(L79=1,"Medium","High")))
A80: R-0079 | B80: S-0037 | C80: 2023-2024 | D80: 45443 | E80: 1 | F80: Minor Only | G80: ≤30 days | H80: 4th | I80: Dept C | J80: Not Applicable | K80: Full | M80: =IF(L80="","",IF(L80=0,"Low",IF(L80=1,"Medium","High")))
A81: R-0080 | B81: S-0038 | C81: 2023-2024 | D81: 45443 | E81: 1 | F81: Minor Only | G81: 31–90 | H81: 4th | I81: Dept D | J81: Not Applicable | K81: Full | M81: =IF(L81="","",IF(L81=0,"Low",IF(L81=1,"Medium","High")))
A82: R-0081 | B82: S-0039 | C82: 2023-2024 | D82: 45443 | E82: 0 | F82: No prior violation | G82: No prior violation | H82: 3rd | I82: Dept D | J82: Not Applicable | K82: No sanction | L82: 2 | M82: =IF(L82="","",IF(L82=0,"Low",IF(L82=1,"Medium","High"))) -> High
A83: R-0082 | B83: S-0039 | C83: 2024-2025 | D83: 45808 | E83: 2–3 | F83: Minor Only | G83: 31–90 | H83: 4th | I83: Dept D | J83: >90 days | K83: Full | M83: =IF(L83="","",IF(L83=0,"Low",IF(L83=1,"Medium","High")))
A84: R-0083 | B84: S-0040 | C84: 2023-2024 | D84: 45443 | E84: 2–3 | F84: Major Only | G84: 31–90 | H84: 3rd | I84: Dept B | J84: 30–90 | K84: Full | M84: =IF(L84="","",IF(L84=0,"Low",IF(L84=1,"Medium","High")))
A85: R-0084 | B85: S-0041 | C85: 2023-2024 | D85: 45443 | E85: 1 | F85: Minor Only | G85: ≤30 days | H85: 1st | I85: Dept D | J85: Not Applicable | K85: Non-compliance | L85: 1 | M85: =IF(L85="","",IF(L85=0,"Low",IF(L85=1,"Medium","High"))) -> Medium
A86: R-0085 | B86: S-0041 | C86: 2024-2025 | D86: 45808 | E86: 2–3 | F86: Minor Only | G86: 31–90 | H86: 2nd | I86: Dept D | J86: >90 days | K86: Non-compliance | L86: 1 | M86: =IF(L86="","",IF(L86=0,"Low",IF(L86=1,"Medium","High"))) -> Medium
A87: R-0086 | B87: S-0041 | C87: 2025-2026 | D87: 46173 | E87: 2–3 | F87: Mixed | G87: 91–180 | H87: 3rd | I87: Dept D | J87: >90 days | K87: Partial | M87: =IF(L87="","",IF(L87=0,"Low",IF(L87=1,"Medium","High")))
A88: R-0087 | B88: S-0042 | C88: 2023-2024 | D88: 45443 | E88: 0 | F88: No prior violation | G88: No prior violation | H88: 2nd | I88: Dept B | J88: Not Applicable | K88: No sanction | L88: 1 | M88: =IF(L88="","",IF(L88=0,"Low",IF(L88=1,"Medium","High"))) -> Medium
A89: R-0088 | B89: S-0042 | C89: 2024-2025 | D89: 45808 | E89: 1 | F89: Major Only | G89: >180 | H89: 3rd | I89: Dept B | J89: Not Applicable | K89: Non-compliance | L89: 1 | M89: =IF(L89="","",IF(L89=0,"Low",IF(L89=1,"Medium","High"))) -> Medium
A90: R-0089 | B90: S-0042 | C90: 2025-2026 | D90: 46173 | E90: 2–3 | F90: Major Only | G90: >180 | H90: 4th | I90: Dept B | J90: >90 days | K90: Full | M90: =IF(L90="","",IF(L90=0,"Low",IF(L90=1,"Medium","High")))
A91: R-0090 | B91: S-0043 | C91: 2023-2024 | D91: 45443 | E91: 0 | F91: No prior violation | G91: No prior violation | H91: 2nd | I91: Dept B | J91: Not Applicable | K91: No sanction | L91: 1 | M91: =IF(L91="","",IF(L91=0,"Low",IF(L91=1,"Medium","High"))) -> Medium
A92: R-0091 | B92: S-0043 | C92: 2024-2025 | D92: 45808 | E92: 1 | F92: Minor Only | G92: >180 | H92: 3rd | I92: Dept B | J92: Not Applicable | K92: No sanction | L92: 0 | M92: =IF(L92="","",IF(L92=0,"Low",IF(L92=1,"Medium","High"))) -> Low
A93: R-0092 | B93: S-0043 | C93: 2025-2026 | D93: 46173 | E93: 1 | F93: Minor Only | G93: >180 | H93: 4th | I93: Dept B | J93: Not Applicable | K93: No sanction | M93: =IF(L93="","",IF(L93=0,"Low",IF(L93=1,"Medium","High")))
A94: R-0093 | B94: S-0044 | C94: 2023-2024 | D94: 45443 | E94: 0 | F94: No prior violation | G94: No prior violation | H94: 2nd | I94: Dept D | J94: Not Applicable | K94: No sanction | L94: 0 | M94: =IF(L94="","",IF(L94=0,"Low",IF(L94=1,"Medium","High"))) -> Low
A95: R-0094 | B95: S-0044 | C95: 2024-2025 | D95: 45808 | E95: 0 | F95: No prior violation | G95: No prior violation | H95: 3rd | I95: Dept D | J95: Not Applicable | K95: No sanction | L95: 0 | M95: =IF(L95="","",IF(L95=0,"Low",IF(L95=1,"Medium","High"))) -> Low
A96: R-0095 | B96: S-0044 | C96: 2025-2026 | D96: 46173 | E96: 0 | F96: No prior violation | G96: No prior violation | H96: 4th | I96: Dept D | J96: Not Applicable | K96: No sanction | M96: =IF(L96="","",IF(L96=0,"Low",IF(L96=1,"Medium","High")))
A97: R-0096 | B97: S-0045 | C97: 2023-2024 | D97: 45443 | E97: 2–3 | F97: Minor Only | G97: 31–90 | H97: 3rd | I97: Dept A | J97: >90 days | K97: Non-compliance | L97: 0 | M97: =IF(L97="","",IF(L97=0,"Low",IF(L97=1,"Medium","High"))) -> Low
A98: R-0097 | B98: S-0045 | C98: 2024-2025 | D98: 45808 | E98: 2–3 | F98: Minor Only | G98: >180 | H98: 4th | I98: Dept A | J98: >90 days | K98: Non-compliance | M98: =IF(L98="","",IF(L98=0,"Low",IF(L98=1,"Medium","High")))
A99: R-0098 | B99: S-0046 | C99: 2023-2024 | D99: 45443 | E99: 1 | F99: Major Only | G99: 31–90 | H99: 3rd | I99: Dept C | J99: Not Applicable | K99: Full | L99: 1 | M99: =IF(L99="","",IF(L99=0,"Low",IF(L99=1,"Medium","High"))) -> Medium
A100: R-0099 | B100: S-0046 | C100: 2024-2025 | D100: 45808 | E100: 2–3 | F100: Mixed | G100: >180 | H100: 4th | I100: Dept C | J100: >90 days | K100: Full | M100: =IF(L100="","",IF(L100=0,"Low",IF(L100=1,"Medium","High")))
...

Sheet violations
A1: violation_id | B1: study_id | C1: date | D1: academic_year | E1: category | F1: severity | G1: sanction_issued | H1: sanction_compliance | I1: recorded_by
A2: V-00001 | B2: S-0074 | C2: 45084 | D2: 2023-2024 | E2: Improper uniform | F2: Minor | G2: Yes | H2: Full | I2: Teacher
A3: V-00002 | B3: S-0208 | C3: 45089 | D3: 2023-2024 | E3: Tardiness | F3: Minor | G3: Yes | H3: Non-compliance | I3: OSA
A4: V-00003 | B4: S-0109 | C4: 45091 | D4: 2023-2024 | E4: Theft | F4: Major | G4: Yes | H4: Full | I4: Teacher
A5: V-00004 | B5: S-0145 | C5: 45091 | D5: 2023-2024 | E5: Improper uniform | F5: Minor | G5: Yes | H5: Non-compliance | I5: Teacher
A6: V-00005 | B6: S-0147 | C6: 45091 | D6: 2023-2024 | E6: Bullying | F6: Major | G6: Yes | H6: Full | I6: Teacher
A7: V-00006 | B7: S-0054 | C7: 45093 | D7: 2023-2024 | E7: Use of phone in class | F7: Minor | G7: Yes | H7: Non-compliance | I7: Teacher
A8: V-00007 | B8: S-0134 | C8: 45096 | D8: 2023-2024 | E8: Tardiness | F8: Minor | G8: Yes | H8: Partial | I8: OSA
A9: V-00008 | B9: S-0013 | C9: 45097 | D9: 2023-2024 | E9: Tardiness | F9: Minor | G9: Yes | H9: Non-compliance | I9: Teacher
A10: V-00009 | B10: S-0004 | C10: 45100 | D10: 2023-2024 | E10: Use of phone in class | F10: Minor | G10: Yes | H10: Full | I10: Teacher
A11: V-00010 | B11: S-0087 | C11: 45103 | D11: 2023-2024 | E11: Improper uniform | F11: Minor | G11: No | H11: No sanction | I11: Teacher
A12: V-00011 | B12: S-0140 | C12: 45104 | D12: 2023-2024 | E12: Improper uniform | F12: Minor | G12: Yes | H12: Full | I12: OSA
A13: V-00012 | B13: S-0064 | C13: 45105 | D13: 2023-2024 | E13: Tardiness | F13: Minor | G13: Yes | H13: Full | I13: Teacher
... A624: V-00623 | B624: S-0254 | C624: 46171 | D624: 2025-2026 | E624: Tardiness | F624: Minor | G624: Yes | H624: Non-compliance | I624: OSA

Sheet summary
A1: Academic year | B1: Low | C1: Medium | D1: High | E1: Unlabeled | F1: Total records
A2: 2023-2024 | B2: =COUNTIFS(student_academic_year!$C$2:$C$661,$A2,student_academic_year!$M$2:$M$661,"Low") -> 82 | C2: =COUNTIFS(student_academic_year!$C$2:$C$661,$A2,student_academic_year!$M$2:$M$661,"Medium") -> 49 | D2: =COUNTIFS(student_academic_year!$C$2:$C$661,$A2,student_academic_year!$M$2:$M$661,"High") -> 35 | E2: =COUNTIFS(student_academic_year!$C$2:$C$661,$A2,student_academic_year!$L$2:$L$661,"") -> 54 | F2: =COUNTIF(student_academic_year!$C$2:$C$661,$A2) -> 220
A3: 2024-2025 | B3: =COUNTIFS(student_academic_year!$C$2:$C$661,$A3,student_academic_year!$M$2:$M$661,"Low") -> 74 | C3: =COUNTIFS(student_academic_year!$C$2:$C$661,$A3,student_academic_year!$M$2:$M$661,"Medium") -> 44 | D3: =COUNTIFS(student_academic_year!$C$2:$C$661,$A3,student_academic_year!$M$2:$M$661,"High") -> 36 | E3: =COUNTIFS(student_academic_year!$C$2:$C$661,$A3,student_academic_year!$L$2:$L$661,"") -> 72 | F3: =COUNTIF(student_academic_year!$C$2:$C$661,$A3) -> 226
A4: 2025-2026 | B4: =COUNTIFS(student_academic_year!$C$2:$C$661,$A4,student_academic_year!$M$2:$M$661,"Low") -> 0 | C4: =COUNTIFS(student_academic_year!$C$2:$C$661,$A4,student_academic_year!$M$2:$M$661,"Medium") -> 0 | D4: =COUNTIFS(student_academic_year!$C$2:$C$661,$A4,student_academic_year!$M$2:$M$661,"High") -> 0 | E4: =COUNTIFS(student_academic_year!$C$2:$C$661,$A4,student_academic_year!$L$2:$L$661,"") -> 214 | F4: =COUNTIF(student_academic_year!$C$2:$C$661,$A4) -> 214
A5: Total | B5: =SUM(B2:B4) -> 156 | C5: =SUM(C2:C4) -> 93 | D5: =SUM(D2:D4) -> 71 | E5: =SUM(E2:E4) -> 340 | F5: =SUM(F2:F4) -> 660
A7: Violation records (all years) | B7: =COUNTA(violations!$A$2:$A$624) -> 623
